title,date,author,favtag,entry_header,excerpt,url,archive_description,popular_topics,scraped_at
AI Overviews : de nouveaux réflexes de lecture qui transforment le SEO ?,2025-06-10T11:43:03+02:00,No author found,Google,AI Overviews : de nouveaux réflexes de lecture qui transforment le SEO ?,"En déployant les AI Overviews, Google modifie profondément la manière dont les internautes lisent et interagissent avec les résultats de recherche, note une récente étude.",https://www.blogdumoderateur.com/ai-overviews-nouveaux-reflexes-lecture-transforment-seo/,No description found,Google|IA|SEO|Étude,2025-06-10T15:22:15.309683
iOS 26 : les modèles d’iPhone compatibles avec la nouvelle version,2025-06-10T10:25:54+02:00,No author found,Apple,iOS 26 : les modèles d’iPhone compatibles avec la nouvelle version,"Lors de la WWDC, Apple a fait le point sur ses futures nouveautés, et en a profité pour présenter iOS 26. Découvrez la liste des [...]",https://www.blogdumoderateur.com/ios-26-modeles-iphone-compatibles/,No description found,Google|IA|SEO|Étude,2025-06-10T15:22:15.310453
Un monde sans Internet : 46 % des jeunes y sont favorables,2025-06-06T18:00:58+02:00,No author found,Étude,Un monde sans Internet : 46 % des jeunes y sont favorables,"Nés avec Internet, les membres de la Gen Z n'en sont pas moins critiques. C'est ce que démontre la dernière étude menée par le groupe [...]",https://www.blogdumoderateur.com/monde-sans-internet-jeunes-favorables/,No description found,Google|IA|SEO|Étude,2025-06-10T15:22:15.311170
Netlinking : près d’un spécialiste SEO sur deux achète des liens en 2025,2025-06-05T17:35:45+02:00,No author found,Étude,Netlinking : près d’un spécialiste SEO sur deux achète des liens en 2025,"Pilier historique du SEO, comment le netlinking est-il pratiqué en 2025 ? Dans sa dernière étude, Abondance s'est penché sur cette question. On fait le [...]",https://www.blogdumoderateur.com/netlinking-pres-un-specialiste-seo-deux-achete-liens-2025/,No description found,Google|IA|SEO|Étude,2025-06-10T15:22:15.311949
E-commerce en France : le top 100 des entreprises les plus performantes,2025-06-04T10:56:04+02:00,No author found,E-commerce,E-commerce en France : le top 100 des entreprises les plus performantes,Découvrez les entreprises qui génèrent le plus grand chiffre d'affaires en France grâce au commerce en ligne.,https://www.blogdumoderateur.com/e-commerce-france-top-100-entreprises-plus-performantes/,No description found,Google|IA|SEO|Étude,2025-06-10T15:22:15.312617
Micro-entreprises : la réforme des seuils de TVA abandonnée par l’Assemblée,2025-06-03T16:54:34+02:00,No author found,Business,Micro-entreprises : la réforme des seuils de TVA abandonnée par l’Assemblée,"Après de mois de polémiques et de luttes, les autoentrepreneurs ont obtenu des députés la suppression de la mesure visant à abaisser les seuils de [...]",https://www.blogdumoderateur.com/micro-entreprises-reforme-seuils-tva-abandonnee/,No description found,Google|IA|SEO|Étude,2025-06-10T15:22:15.313263
A/B testing : 10 éléments à tester pour optimiser votre site web,2025-06-03T09:42:13+02:00,No author found,Développement,A/B testing : 10 éléments à tester pour optimiser votre site web,L’A/B testing aide à évaluer l’efficacité de différentes versions d’un même élément. En voici dix à tester pour améliorer l’expérience utilisateur et optimiser votre site [...],https://www.blogdumoderateur.com/ab-testing-elements-tester-optimiser-site-web/,No description found,Google|IA|SEO|Étude,2025-06-10T15:22:15.313916
"Calendrier scolaire 2025-2026 avec les dates des vacances scolaires des zones A, B et C",2025-06-03T09:38:08+02:00,No author found,Bureautique,"Calendrier scolaire 2025-2026 avec les dates des vacances scolaires des zones A, B et C","Consultez le calendrier scolaire 2025-2026 avec l’ensemble des dates importantes de l’année : rentrée, vacances et jours fériés pour les zones A, B et C.",https://www.blogdumoderateur.com/calendrier-scolaire-2025-2026/,No description found,Google|IA|SEO|Étude,2025-06-10T15:22:15.314566
Cybersécurité : 7 conseils pour repérer un faux QR code et éviter les pièges,2025-06-02T10:15:09+02:00,No author found,Cybersécurité,Cybersécurité : 7 conseils pour repérer un faux QR code et éviter les pièges,"Face à la recrudescence des QR codes frauduleux, voici quelques techniques pour les identifier facilement et se protéger efficacement des tentatives d’arnaque et de piratage.",https://www.blogdumoderateur.com/cybersecurite-conseils-reperer-faux-qr-code/,No description found,Google|IA|SEO|Étude,2025-06-10T15:22:15.315318
Métiers du web : les compétences clés à maîtriser d’ici 2030,2025-05-27T09:00:30+02:00,No author found,Formation,Métiers du web : les compétences clés à maîtriser d’ici 2030,"Dans un monde du travail en pleine transformation technologique, la maîtrise des compétences devient capitale pour les futurs talents. Découvrez quelles sont les hard et [...]",https://www.blogdumoderateur.com/metiers-web-competences-cles-maitriser-2030/,No description found,Google|IA|SEO|Étude,2025-06-10T15:22:15.316016
"Métiers du web : état des lieux du marché de l’emploi, perspectives et salaires en 2025",2025-05-26T08:30:19+02:00,No author found,Formation,"Métiers du web : état des lieux du marché de l’emploi, perspectives et salaires en 2025","Tour d’horizon des postes les plus fortement recherchés par les entreprises malgré un certain ralentissement du marché, à l’occasion de notre semaine sur les métiers [...]",https://www.blogdumoderateur.com/metiers-web-etat-lieux-marche-emploi-perspectives-salaires-2025/,No description found,Google|IA|SEO|Étude,2025-06-10T15:22:15.316679
Adriana Karembeu n’est plus vraiment une pizza aux anchois,2025-05-23T10:56:54+02:00,No author found,SEO,Adriana Karembeu n’est plus vraiment une pizza aux anchois,"Spoiler : Adriana Karembeu n’a jamais été une pizza aux anchois. Pourtant, Google en a très longtemps été convaincu. Retour sur un cas d'école du [...]",https://www.blogdumoderateur.com/adriana-karembeu-pizza-aux-anchois/,No description found,Google|IA|SEO|Étude,2025-06-10T15:22:15.317265
SEO : les conseils de Google pour être référencé dans AI Overviews et AI Mode,2025-05-22T11:42:57+02:00,No author found,Google,SEO : les conseils de Google pour être référencé dans AI Overviews et AI Mode,Google vient de partager quelques bonnes pratiques pour se positionner dans ses outils de recherche IA. Voici ce qu'il faut savoir.,https://www.blogdumoderateur.com/seo-conseils-google-etre-reference-ai-overviews-ai-mode/,No description found,Google|IA|SEO|Étude,2025-06-10T15:22:15.317895
Démarchage téléphonique interdit en France : est-ce vraiment la fin des appels abusifs ?,2025-05-22T11:00:01+02:00,No author found,Données personnelles,Démarchage téléphonique interdit en France : est-ce vraiment la fin des appels abusifs ?,"Les sénateurs ont adopté la proposition de loi contre le démarchage sans consentement par téléphone, mais celle-ci n'entrera en vigueur qu'en août 2026.",https://www.blogdumoderateur.com/demarchage-telephonique-interdit-france-fin-appels-abusifs/,No description found,Google|IA|SEO|Étude,2025-06-10T15:22:15.318705
14 événements web à ne pas manquer en juin 2025,2025-05-22T09:00:10+02:00,No author found,Événements web,14 événements web à ne pas manquer en juin 2025,"Retrouvez dans cette sélection : un webinar pour renforcer vos compétences en marketing digital et IA, une démo live pour optimiser votre parcours client, DX [...]",https://www.blogdumoderateur.com/evenements-digital-juin-2025/,No description found,Google|IA|SEO|Étude,2025-06-10T15:22:15.319380
"Calendrier 2023 à imprimer : jours fériés, vacances, numéros de semaine, format Excel, PDF…",,No author found,No tag,No header,No excerpt,No link found,No description found,Google|IA|SEO|Étude,2025-06-10T15:22:15.319738
"Calendrier scolaire 2023-2024 avec les dates des vacances scolaires des zones A, B et C",,No author found,No tag,No header,No excerpt,No link found,No description found,Google|IA|SEO|Étude,2025-06-10T15:22:15.320086
Windows : la liste des raccourcis clavier à connaître,,No author found,No tag,No header,No excerpt,No link found,No description found,Google|IA|SEO|Étude,2025-06-10T15:22:15.320430
70 raccourcis clavier ALT pour insérer un caractère spécial,,No author found,No tag,No header,No excerpt,No link found,No description found,Google|IA|SEO|Étude,2025-06-10T15:22:15.320857
"Comment créer une adresse email sur Gmail, Outlook, Yahoo et Proton",,No author found,No tag,No header,No excerpt,No link found,No description found,Google|IA|SEO|Étude,2025-06-10T15:22:15.321240
Comment utiliser WhatsApp sur son ordinateur,,No author found,No tag,No header,No excerpt,No link found,No description found,Google|IA|SEO|Étude,2025-06-10T15:22:15.321597
